Task,AUC_r
688267,0.39902052238805974
600886,0.47496570644718794
737826,0.4644108799909191
737824_1,0.4426360412409874
737825,0.4290627378336852
1495405,0.2479566480045508
737053,0.5718108831400536
737400,0.42597087378640774
736947,0.35306972262371805
752347,0.38139992839240955
752496,0.3997277676950999
752509,0.2992880613362541
752594,0.24576433295075695
809095,0.3597184065934066
845173,0.1833609271523179
845196,0.7648303765950826
954338,0.496670526925304
845206,0.5013582342954159
